"","class","n","ratio","req_sample_size"
"1","systematic_review",93,2.68817204301075,8440
"2","meta_analysis",40,6.25,26250
"3","trial",81,3.08641975308642,10432
"4","randomized_trial",39,6.41025641025641,27051
"5","protocol",28,8.92857142857143,39642
